Compound,Area_Integral,concentration
FA,59.5341953,10
FA,282.8956866,50
FA,571.6044739,100
FA,2810.089654,500
FA,5491.629666,1000
FA,10820.67835,2000
FA,16230.74095,3000
3M4HS,212.4443733,10
3M4HS,1244.922371,50
3M4HS,2333.795246,100
3M4HS,11263.60121,500
3M4HS,21312.41321,1000
34DMS,212.4443733,10
34DMS,1244.922371,50
34DMS,2333.795246,100
34DMS,11263.60121,500
34DMS,21312.41321,1000
CA,568,100
CA,1587,250
CA,3320,500
CA,5188,750
CA,5653.8,1000
CA,12327.9,2000
CA,18822,3000
pCA,341.8,50
pCA,720.3,100
pCA,1933.2,250
pCA,3856.9,500
pCA,5670.3,750
pCA,7219.7,1000
pCA,15385.8,2000
pCA,23272.8,3000
